text,label
"I absolutely love this product, it works amazingly well!",positive
"This is the best purchase I have ever made, highly recommend it.",positive
"The quality is outstanding and the delivery was super fast.",positive
"Fantastic experience from start to finish, will definitely buy again.",positive
"Great customer service and the product exceeded my expectations.",positive
"I am so happy with this purchase, it is exactly what I wanted.",positive
"Wonderful item, perfect for what I needed. Very satisfied!",positive
"Amazing quality and arrived quickly. Five stars without hesitation.",positive
"Loved every bit of it. The packaging was great and product works perfectly.",positive
"Top notch quality. Highly impressed and would recommend to everyone.",positive
"This product is decent, nothing special but gets the job done.",neutral
"It is okay, not great but not terrible either.",neutral
"The item arrived on time and works as described.",neutral
"Average product, does what it says on the box.",neutral
"Neither impressed nor disappointed with this purchase.",neutral
"It is a standard product. Does the job but nothing extraordinary.",neutral
"Pretty normal experience, would not say good or bad.",neutral
"The product is acceptable and met my basic expectations.",neutral
"Works fine for the price. Not amazing but not bad.",neutral
"Reasonable quality for the cost. Nothing to write home about.",neutral
"I am very disappointed with this product, it broke after one day.",negative
"Terrible quality and the customer service was unhelpful.",negative
"This is a complete waste of money. Do not buy this.",negative
"The product stopped working after a week. Very frustrating.",negative
"Worst purchase I have ever made. Returning it immediately.",negative
"Poor quality and arrived damaged. Very unhappy customer.",negative
"Absolutely awful. Nothing like the description at all.",negative
"I hate this product. It is useless and cheaply made.",negative
"Total junk. Fell apart immediately and support ignored me.",negative
"Disgusting quality, broken on arrival, and no refund offered.",negative
"This exceeded all my expectations. Absolutely phenomenal product!",positive
"Really happy with this. Works like a charm every single time.",positive
"Not bad but not great. Kind of in the middle honestly.",neutral
"This is terrible, I want my money back immediately.",negative
"Very average product. Serviceable but nothing exciting.",neutral
"Super pleased with the results. Would buy again for sure!",positive
"Could be better could be worse. It is just okay overall.",neutral
"Dreadful experience. Product failed and no support was given.",negative
"Pretty good product. Satisfied with the overall quality.",positive
"Mediocre at best. Expected more based on the reviews.",neutral
